Eliáš,Novotný
Maxmilián,Svoboda
Alexandr,Veselý
Sebastián,Krejčí
Zachariáš,Horák
Valdemar,Němec
Jeremiáš,Pokorný
Kasperián,Mareš
Leopold,Král
Vincenci,Růžička
Arnaldur,Indriðason
Balthasar,Gelt
Constantinople,Bleble
Džingischán,Koko
Eusebius,Pamphilius
Florestan,Fernandes
Guglielmo,Marconi
Hieronymus,Bosch
Isambard,Kingdom Brunel
Józef,Klemens Piłsudski
Anna,Eleanor Roosevelt
uvuvwevwevwe,osas
Benedikt,Zelený
Cornelius,Šedý
Demetrius,Vlk
Emil,Jarník
Fabián,Slunečný
Gregor,Dubový
Hubert,Havran
Ignác,Bílý
Karel,Mrak
Ludvík,Kameník
Eliáš,Novotný
Maxmilián,Svoboda
Alexandr,Veselý
Sebastián,Krejčí
Zachariáš,Horák
Valdemar,Němec
Jeremiáš,Pokorný
Kasperián,Mareš
Leopold,Král
Vincenci,Růžička
Arnaldur,Indriðason
Balthasar,Gelt
Constantinople,Bleble
Džingischán,Koko
Eusebius,Pamphilius
Florestan,Fernandes
Guglielmo,Marconi
Hieronymus,Bosch
Isambard,Kingdom Brunel
Lucas,Skibi Di Bens Samo
Anna,Eleanor Roosevelt
uvuvwevwevwe,osas
Benedikt,Zelený
Cornelius,Šedý
Demetrius,Vlk
Emil,Jarník
Fabián,Slunečný
Gregor,Dubový
Hubert,Havran
Ignác,Bílý
Karel,Mrak
Ludvík,Kameník
Eliáš,Novotný
Maxmilián,Svoboda
Alexandr,Veselý
Sebastián,Krejčí
Zachariáš,Horák
Valdemar,Němec
Jeremiáš,Pokorný
Kasperián,Mareš
Leopold,Král
Vincenci,Růžička
Arnaldur,Indriðason
Balthasar,Gelt
Constantinople,Bleble
Džingischán,Koko
Eusebius,Pamphilius
Florestan,Fernandes
Guglielmo,Marconi
Hieronymus,Bosch
Isambard,Kingdom Brunel
Józef,Klemens Piłsudski
Anna,Eleanor Roosevelt
uvuvwevwevwe,osas
Benedikt,Zelený
Cornelius,Šedý
Demetrius,Vlk
Emil,Jarník
Fabián,Slunečný
Gregor,Dubový
Hubert,Havran
Ignác,Bílý
Karel,Mrak
Ludvík,Kameník
Eliáš,Novotný
Maxmilián,Svoboda
Alexandr,Veselý
Sebastián,Krejčí
Zachariáš,Horák
Valdemar,Němec
Jeremiáš,Pokorný
Kasperián,Mareš
Leopold,Král
Vincenci,Růžička
Eliáš,Novotný
Maxmilián,Svoboda
Alexandr,Veselý
Sebastián,Krejčí
Zachariáš,Horák
Valdemar,Němec
Jeremiáš,Pokorný
Kasperián,Mareš
Leopold,Král
Vincenci,Růžička
Arnaldur,Indriðason
Balthasar,Gelt
Constantinople,Bleble
Džingischán,Koko
Eusebius,Pamphilius
Florestan,Fernandes
Guglielmo,Marconi
Hieronymus,Bosch
Isambard,Kingdom Brunel
Józef,Klemens Piłsudski
Anna,Eleanor Roosevelt
uvuvwevwevwe,osas
Benedikt,Zelený
Cornelius,Šedý
Demetrius,Vlk
Emil,Jarník
Fabián,Slunečný
Gregor,Dubový
Hubert,Havran
Ignác,Bílý
Karel,Mrak
Ludvík,Kameník
Eliáš,Novotný
Maxmilián,Svoboda
Alexandr,Veselý
Sebastián,Krejčí
Zachariáš,Horák
Valdemar,Němec
Jeremiáš,Pokorný
Kasperián,Mareš
Leopold,Král
Vincenci,Růžička
Arnaldur,Indriðason
Balthasar,Gelt
Constantinople,Bleble
Džingischán,Koko
Eusebius,Pamphilius
Florestan,Fernandes
Guglielmo,Marconi
Hieronymus,Bosch
Isambard,Kingdom Brunel
Józef,Klemens Piłsudski
Anna,Eleanor Roosevelt
uvuvwevwevwe,osas
Benedikt,Zelený
Cornelius,Šedý
Demetrius,Vlk
Emil,Jarník
Fabián,Slunečný
Gregor,Dubový
Hubert,Havran
Ignác,Bílý
Karel,Mrak
Ludvík,Kameník